9780073516677;i j linda o'leary o'leary timothy
9780072999389;carol crosson susan yacht
9780072922363;david hutton v
9780072843996;barrie efren estevez haag james perry sosinsky stephen t
9780072466850;j n reddy
9780072255096;arthur b chuck conklin cothren davis dwayne gregory l roger white williams wm
9780072232172;dennis suhanovs
9780072230611;joel mcclure scambray stuart
9780072226331;gregory white
9780071357814;a plastock roy xiang zhigang
1576761061;a cheryl meadors schmidt todd
1558609350;baxter catherine courage kathy
1558609342;bala c j j kline kumar paul thompson timothy
1558609199;bill evans hallock halpin ken maclean pat terry
1558609016;han jiawei kamber micheline
1558608893;gabriel goldman p richard ron
1558608729;h holger hoos stutzle thomas
1558608591;john strassner
155860846X;almeroth david kevin makofske
155860829X;critchlow lacroix terence zoe
1558608109;loshin pete
1558607870;schlechtweg stefan strothotte thomas
1558607587;harmon paul
1558606971;chisholm malcolm
1558606483;arno frank kay pilhofer puder romer
155860636X;david harris
1558605959;c eberhart james kennedy russell
1558605711;abeck bernhard hegering heinz-gerd neumair sebastian
1558605150;j muller robert
1558604545;jones karen peter sparck willett
1558603751;d david derose eric h j salesin stollnitz tony
1558603042;ceri jennifer stefano widom
1558601368;a przybylski steven
155558327X;erbschloe michael
1555582990;alain lissoir
1555582796;d duffy michael
1555582605;fortier howard j michel paul
1555582184;dickinson etzel karen michael
1555580416;guy l steele
0750699388;d paul shaw
0750694998;a pease robert
0750677953;ashenden debi jones y
0750673273;boyce dan g jennings joseph w
075066455X;john mcmanus
0750656832;pauline pooley rob wilcox
0672323435;goldstein jackie jeffrey mcmanus p
044450673X;a andersson b c ecer fox h i j jenssen kvamdal n p periaux satofuka t
0321444426;dowd john justin mark mcdonald schuh
0321418700;gary greg hoglund john mcgraw viega
0321397975;buck woody
0321356411;conry-murray rew vincent weafer
0321335724;c robert seacord
0321322215;a sudkamp thomas
032131283X;ben-ari m
0321304292;adams scollard sharon tyrone
0321287509;henderson ken
0321263545;coulouris dollimore george jean kindberg tim
032124544X;c jon snader
0321228103;brian nantz
0321219767;aksit clarke e elrad filman mehmet robert siobhan tzilla
0321205219;beth brydon greg inderjeet murray ramachandran sean singh stearns thierry vijay violleau
0321194985;rajshekhar sunderraman
0321181433;lauesen soren
0321165810;brundage michael
0321150406;elliotte harold rusty
032112698X;c dilip naik
0321112296;eoin nick rozanski woods
0201889544;bjarne stroustrup
0201823764;abrahams bruce larson paul r w
0201776316;gary r richard stevens w wright
0201767910;rucker rudy
0201749602;hunting jack park sam
0201734958;hummel joe pattison ted
0201722291;connie g lloyd smith u williams
0201715848;jonathan lewis
0201704471;carroll john m
0201699710;ce d huston james johnson stephen syyid umar
0201634929;brent e joseph m newcomer rector
0201633582;alan feuer r
0201615924;armour frank granville miller
0201580438;henry patrick winston
0201543303;bjarne stroustrup
0201489163;campbell campbell dave mary
020140009X;flajolet philippe robert sedgewick
0201379236;atul david derge gillmer j musser r saini
0201310058;bloch joshua
0201137445;bruce j maclennan
0131872893;cooper dann p pausch randy stephen wanda
0131463055;cay david geary horstmann
0131227068;f firstenberg iris moshe r rubinstein
0130494984;bohl maria marilyn rynn
0130284467;a clifford shaffer
0126445516;c c graeme graham simsion witt
0124499759;bennet kathryn lientz p p rea
0123704529;erik f hornick marcade mark sunil venkayala
0122290631;david eberly h
0120887975;celko joe
0120455994;aiken allen david m peter
1555581994;cheek matthew
1555582745;hancock martin moore steven
